lambda,loop,cost,gamma,ev_additive
0.1,1,0.0000001,0.000001,46.4978200613376
